{"cameraMode":{"drawMode":0,"name":"Shaded","section":"Shading Mode"},"sceneLighting":true,"audioPlay":false,"sceneViewState":{"showFog":true,"showMaterialUpdate":false,"showSkybox":true,"showFlares":true,"showImageEffects":true,"showParticleSystems":true,"showVisualEffectGraphs":true,"m_FxEnabled":true},"in2DMode":false,"pivot":{"x":0.43530020117759707,"y":0.7063897848129273,"z":1.0426950454711915},"rotation":{"x":-0.2294084131717682,"y":-0.2369331419467926,"z":0.057706523686647418,"w":-0.9423233866691589},"size":8.074507713317871,"orthographic":false}